<?xml version="1.0"?>
<Project Version="1" Minor="3" DIGEST="">
	<TOOL_VERSION Version="2016.4_sdx"/>
	<MODE Name="Post-Synthesis"/>
	<SYSTEMINFO BOARD="em.avnet.com:zed:1.3" PART="xc7z020clg484-1" ARCH="zynq" PACKAGE="clg484" DEVICE="7z020" SPEED="-1" LUT="53200" FF="106400" BRAM="140" DSP="220"/>
	<HIERARCHY Name="design_1_wrapper"/>
	<File Type="HW_HANDOFF" Name="design_1.hwh" DESIGN_HIERARCHY="design_1_i" BD_TYPE="DEFAULT_BD"/>
	<File Type="BD_TCL" Name="design_1_bd.tcl"/>
	<File Type="PS_FSBL_INIT" Name="ps7_init.c"/>
	<File Type="PS_FSBL_INIT" Name="ps7_init.h"/>
	<File Type="PS_FSBL_INIT_GPL" Name="ps7_init_gpl.c"/>
	<File Type="PS_FSBL_INIT_GPL" Name="ps7_init_gpl.h"/>
	<File Type="PS_INIT_HELP" Name="ps7_init.html"/>
	<File Type="PS_XMD_INIT" Name="ps7_init.tcl"/>
	<File Type="BIT" Name="design_1_wrapper.bit"/>
	<File Type="MMI" Name="design_1_wrapper.mmi"/>
	<DRIVERS>
		<DRIVER IP_VLNV="digilentinc.com:IP:PmodHYGRO:1.0">
			<File PATH="drivers/PmodHYGRO_v1_0/data/PmodHYGRO.mdd"/>
			<File PATH="drivers/PmodHYGRO_v1_0/data/PmodHYGRO.tcl"/>
			<File PATH="drivers/PmodHYGRO_v1_0/src/Makefile"/>
			<File PATH="drivers/PmodHYGRO_v1_0/src/PmodHYGRO.c"/>
			<File PATH="drivers/PmodHYGRO_v1_0/examples/main.c"/>
			<File PATH="drivers/PmodHYGRO_v1_0/src/PmodHYGRO.h"/>
			<File PATH="drivers/PmodHYGRO_v1_0/src/xiic.c"/>
			<File PATH="drivers/PmodHYGRO_v1_0/src/xiic.h"/>
			<File PATH="drivers/PmodHYGRO_v1_0/src/xiic_dyn_master.c"/>
			<File PATH="drivers/PmodHYGRO_v1_0/src/xiic_i.h"/>
			<File PATH="drivers/PmodHYGRO_v1_0/src/xiic_intr.c"/>
			<File PATH="drivers/PmodHYGRO_v1_0/src/xiic_l.c"/>
			<File PATH="drivers/PmodHYGRO_v1_0/src/xiic_l.h"/>
			<File PATH="drivers/PmodHYGRO_v1_0/src/xiic_master.c"/>
			<File PATH="drivers/PmodHYGRO_v1_0/src/xiic_multi_master.c"/>
			<File PATH="drivers/PmodHYGRO_v1_0/src/xiic_options.c"/>
			<File PATH="drivers/PmodHYGRO_v1_0/src/xiic_selftest.c"/>
			<File PATH="drivers/PmodHYGRO_v1_0/src/xiic_slave.c"/>
			<File PATH="drivers/PmodHYGRO_v1_0/src/xiic_stats.c"/>
			<File PATH="drivers/PmodHYGRO_v1_0/src/xtmrctr_intr.c"/>
			<File PATH="drivers/PmodHYGRO_v1_0/src/xtmrctr_sinit.c"/>
			<File PATH="drivers/PmodHYGRO_v1_0/src/xtmrctr.h"/>
			<File PATH="drivers/PmodHYGRO_v1_0/src/xtmrctr_l.h"/>
			<File PATH="drivers/PmodHYGRO_v1_0/src/xtmrctr_i.h"/>
			<File PATH="drivers/PmodHYGRO_v1_0/src/xtmrctr_stats.c"/>
			<File PATH="drivers/PmodHYGRO_v1_0/src/xtmrctr_l.c"/>
			<File PATH="drivers/PmodHYGRO_v1_0/src/xtmrctr.c"/>
			<File PATH="drivers/PmodHYGRO_v1_0/src/xtmrctr_options.c"/>
		</DRIVER>
		<DRIVER IP_VLNV="xilinx.com:hls:CalculatePhase:1.0">
			<File PATH="drivers/CalculatePhase_v1_0/data/CalculatePhase.mdd"/>
			<File PATH="drivers/CalculatePhase_v1_0/data/CalculatePhase.tcl"/>
			<File PATH="drivers/CalculatePhase_v1_0/src/Makefile"/>
			<File PATH="drivers/CalculatePhase_v1_0/src/xcalculatephase.c"/>
			<File PATH="drivers/CalculatePhase_v1_0/src/xcalculatephase.h"/>
			<File PATH="drivers/CalculatePhase_v1_0/src/xcalculatephase_hw.h"/>
			<File PATH="drivers/CalculatePhase_v1_0/src/xcalculatephase_linux.c"/>
			<File PATH="drivers/CalculatePhase_v1_0/src/xcalculatephase_sinit.c"/>
		</DRIVER>
		<DRIVER IP_VLNV="xilinx.com:user:UPAC:4.0">
			<File PATH="drivers/UPAC_v1_0/data/UPAC.mdd"/>
			<File PATH="drivers/UPAC_v1_0/data/UPAC.tcl"/>
			<File PATH="drivers/UPAC_v1_0/src/Makefile"/>
			<File PATH="drivers/UPAC_v1_0/src/UPAC.h"/>
			<File PATH="drivers/UPAC_v1_0/src/UPAC.c"/>
			<File PATH="drivers/UPAC_v1_0/src/UPAC_selftest.c"/>
		</DRIVER>
	</DRIVERS>
	<USEDRESOURCES LUT="0" FF="9908" BRAM="2" DSP="10"/>
</Project>

