<?xml version="1.0" encoding="UTF-8" ?>
<document>
<!--The data in this file is primarily intended for consumption by Xilinx tools.
The structure and the elements are likely to change over the next few releases.
This means code written to parse this file will need to be revisited each subsequent release.-->
<application name="pa" timeStamp="Tue Feb 07 13:26:03 2017">
<section name="Project Information" visible="false">
<property name="ProjectID" value="ced1bb7478c6437f8a88964793148197" type="ProjectID"/>
<property name="ProjectIteration" value="13" type="ProjectIteration"/>
</section>
<section name="PlanAhead Usage" visible="true">
<item name="Project Data">
<property name="SrcSetCount" value="1" type="SrcSetCount"/>
<property name="ConstraintSetCount" value="1" type="ConstraintSetCount"/>
<property name="DesignMode" value="RTL" type="DesignMode"/>
<property name="SynthesisStrategy" value="Vivado Synthesis Defaults" type="SynthesisStrategy"/>
<property name="ImplStrategy" value="Vivado Implementation Defaults" type="ImplStrategy"/>
</item>
<item name="Java Command Handlers">
<property name="AddCfgMem" value="2" type="JavaHandler"/>
<property name="AddModuleToBlockDesign" value="3" type="JavaHandler"/>
<property name="AddSources" value="9" type="JavaHandler"/>
<property name="AutoConnectBoardComp" value="1" type="JavaHandler"/>
<property name="AutoConnectPort" value="3" type="JavaHandler"/>
<property name="AutoConnectTarget" value="1" type="JavaHandler"/>
<property name="CloseProject" value="2" type="JavaHandler"/>
<property name="CoreView" value="4" type="JavaHandler"/>
<property name="CreateBlockDesign" value="2" type="JavaHandler"/>
<property name="CreateTopHDL" value="5" type="JavaHandler"/>
<property name="CustomizeRSBBlock" value="21" type="JavaHandler"/>
<property name="EditCopy" value="3" type="JavaHandler"/>
<property name="EditDelete" value="45" type="JavaHandler"/>
<property name="EditPaste" value="3" type="JavaHandler"/>
<property name="EditProperties" value="18" type="JavaHandler"/>
<property name="EditUndo" value="1" type="JavaHandler"/>
<property name="ExportBitFile" value="1" type="JavaHandler"/>
<property name="FixPorts" value="2" type="JavaHandler"/>
<property name="IPPackagerWizardHandler" value="1" type="JavaHandler"/>
<property name="LaunchProgramFpga" value="2" type="JavaHandler"/>
<property name="MakeRSBConnection" value="2" type="JavaHandler"/>
<property name="MoveToSimSet" value="3" type="JavaHandler"/>
<property name="NewExportHardware" value="2" type="JavaHandler"/>
<property name="NewLaunchHardware" value="9" type="JavaHandler"/>
<property name="NewProject" value="4" type="JavaHandler"/>
<property name="OpenBlockDesign" value="14" type="JavaHandler"/>
<property name="OpenExampleProject" value="1" type="JavaHandler"/>
<property name="OpenExistingReport" value="1" type="JavaHandler"/>
<property name="OpenHardwareManager" value="3" type="JavaHandler"/>
<property name="OpenProject" value="3" type="JavaHandler"/>
<property name="PlacePorts" value="2" type="JavaHandler"/>
<property name="ProgramDevice" value="1" type="JavaHandler"/>
<property name="ProjectSettingsCmdHandler" value="8" type="JavaHandler"/>
<property name="RecustomizeCore" value="2" type="JavaHandler"/>
<property name="RefreshDevice" value="1" type="JavaHandler"/>
<property name="RegenerateRSBLayout" value="16" type="JavaHandler"/>
<property name="ReportDRC" value="5" type="JavaHandler"/>
<property name="ReportIPStatus" value="4" type="JavaHandler"/>
<property name="RunBitgen" value="6" type="JavaHandler"/>
<property name="RunImplementation" value="8" type="JavaHandler"/>
<property name="RunSchematic" value="3" type="JavaHandler"/>
<property name="RunSynthesis" value="9" type="JavaHandler"/>
<property name="SaveDesign" value="2" type="JavaHandler"/>
<property name="SaveRSBDesign" value="8" type="JavaHandler"/>
<property name="SelectClockPathPreference" value="2" type="JavaHandler"/>
<property name="SetSourceEnabled" value="1" type="JavaHandler"/>
<property name="ShowIONets" value="1" type="JavaHandler"/>
<property name="ShowProductGuide" value="2" type="JavaHandler"/>
<property name="ShowProductWebPage" value="1" type="JavaHandler"/>
<property name="ShowView" value="15" type="JavaHandler"/>
<property name="SimulationClose" value="4" type="JavaHandler"/>
<property name="SimulationRestart" value="2" type="JavaHandler"/>
<property name="SimulationRun" value="7" type="JavaHandler"/>
<property name="SimulationRunAll" value="6" type="JavaHandler"/>
<property name="SimulationRunForTime" value="27" type="JavaHandler"/>
<property name="TclStore" value="2" type="JavaHandler"/>
<property name="TimingConstraintsWizard" value="2" type="JavaHandler"/>
<property name="UpgradeIP" value="6" type="JavaHandler"/>
<property name="ValidateRSBDesign" value="17" type="JavaHandler"/>
<property name="ViewLayoutCmd" value="1" type="JavaHandler"/>
<property name="ViewTaskImplementation" value="7" type="JavaHandler"/>
<property name="ViewTaskSynthesis" value="2" type="JavaHandler"/>
<property name="WaveformSaveConfiguration" value="1" type="JavaHandler"/>
</item>
<item name="Gui Resources Info">
<property name="AbstractFileView_RELOAD" value="2" type="GuiResourceData"/>
<property name="AddressTreeTablePanel_ADDRESS_TREE_TABLE" value="11" type="GuiResourceData"/>
<property name="ApplyRSBMultiAutomationDialog_CHECKBOX_TREE" value="2" type="GuiResourceData"/>
<property name="AutoplacePortsWizard_FIND_NEW_LOCATION_FOR_THIS_PORT" value="1" type="GuiResourceData"/>
<property name="BaseDialog_CANCEL" value="13" type="GuiResourceData"/>
<property name="BaseDialog_OK" value="90" type="GuiResourceData"/>
<property name="BaseDialog_YES" value="5" type="GuiResourceData"/>
<property name="BaseReportTab_RERUN" value="5" type="GuiResourceData"/>
<property name="BoardTreePanel_BOARD_TREE_PANEL" value="6" type="GuiResourceData"/>
<property name="CheckTimingResultTreeTablePanel_CHECK_TIMING_RESULT_TREE_TABLE" value="15" type="GuiResourceData"/>
<property name="ClkConfigTreeTablePanel_CLK_CONFIG_TREE_TABLE" value="10" type="GuiResourceData"/>
<property name="CmdMsgDialog_MESSAGES" value="2" type="GuiResourceData"/>
<property name="CmdMsgDialog_OK" value="21" type="GuiResourceData"/>
<property name="CommandsInput_TYPE_TCL_COMMAND_HERE" value="3" type="GuiResourceData"/>
<property name="ConstraintsChooserPanel_ADD_FILES" value="1" type="GuiResourceData"/>
<property name="ConstraintsChooserPanel_CREATE_FILE" value="1" type="GuiResourceData"/>
<property name="ConstraintsChooserPanel_FILE_TABLE" value="1" type="GuiResourceData"/>
<property name="CoreTreeTablePanel_CORE_TREE_TABLE" value="13" type="GuiResourceData"/>
<property name="CreateConstraintsFilePanel_FILE_NAME" value="1" type="GuiResourceData"/>
<property name="CreateNewDiagramDialog_DESIGN_NAME" value="1" type="GuiResourceData"/>
<property name="CreateRSBPortDialog_DIRECTION" value="1" type="GuiResourceData"/>
<property name="CreateRSBPortDialog_TYPE" value="4" type="GuiResourceData"/>
<property name="CreateSrcFileDialog_FILE_NAME" value="1" type="GuiResourceData"/>
<property name="DelayValuesChooser_APPLY" value="3" type="GuiResourceData"/>
<property name="DeviceConstraintsView_INTERNAL_VREF_TREE" value="10" type="GuiResourceData"/>
<property name="DeviceView_SHOW_CELL_CONNECTIONS" value="3" type="GuiResourceData"/>
<property name="ExpReportTreePanel_EXP_REPORT_TREE_TABLE" value="7" type="GuiResourceData"/>
<property name="ExpRunTreePanel_EXP_RUN_TREE_TABLE" value="1" type="GuiResourceData"/>
<property name="FileSetPanel_FILE_SET_PANEL_TREE" value="111" type="GuiResourceData"/>
<property name="FlowNavigatorTreePanel_FLOW_NAVIGATOR_TREE" value="57" type="GuiResourceData"/>
<property name="GPIO Width, 5" value="1" type="GuiResourceData"/>
<property name="GenSettingMainPanel_EXPAND_ALL" value="1" type="GuiResourceData"/>
<property name="GenSettingTreeTablePanel_GEN_SETTING_TREE_TABLE" value="11" type="GuiResourceData"/>
<property name="GettingStartedView_OPEN_PROJECT" value="2" type="GuiResourceData"/>
<property name="GettingStartedView_RECENT_PROJECTS" value="5" type="GuiResourceData"/>
<property name="GettingStartedView_XILINX_TCL_STORE" value="1" type="GuiResourceData"/>
<property name="HCodeEditor_SEARCH_TEXT_COMBO_BOX" value="1" type="GuiResourceData"/>
<property name="HTable_SET_ELIDING_FOR_TABLE_CELLS" value="2" type="GuiResourceData"/>
<property name="IPStatusSectionPanel_UPGRADE_SELECTED" value="6" type="GuiResourceData"/>
<property name="IctElementSummarySectionPanel_SETUP" value="1" type="GuiResourceData"/>
<property name="InputOutputTablePanel_SET_DATA_RATE_AND_EDGE" value="3" type="GuiResourceData"/>
<property name="InputOutputTablePanel_SET_SYNCHRONOUS" value="3" type="GuiResourceData"/>
<property name="InputOutputTablePanel_SYSTEM" value="1" type="GuiResourceData"/>
<property name="InputOutputTablePanel_TABLE" value="13" type="GuiResourceData"/>
<property name="InstanceMenu_FLOORPLANNING" value="3" type="GuiResourceData"/>
<property name="LogMonitor_MONITOR" value="6" type="GuiResourceData"/>
<property name="MIOConfigTreeTablePanel_MIO_CONFIG_TREE_TABLE" value="12" type="GuiResourceData"/>
<property name="MainMenuMgr_EDIT" value="14" type="GuiResourceData"/>
<property name="MainMenuMgr_EXPORT" value="25" type="GuiResourceData"/>
<property name="MainMenuMgr_FILE" value="46" type="GuiResourceData"/>
<property name="MainMenuMgr_FLOORPLANNING" value="2" type="GuiResourceData"/>
<property name="MainMenuMgr_FLOW" value="8" type="GuiResourceData"/>
<property name="MainMenuMgr_IMPORT" value="11" type="GuiResourceData"/>
<property name="MainMenuMgr_IO_PLANNING" value="2" type="GuiResourceData"/>
<property name="MainMenuMgr_OPEN_BLOCK_DESIGN" value="4" type="GuiResourceData"/>
<property name="MainMenuMgr_OPEN_RECENT_FILE" value="18" type="GuiResourceData"/>
<property name="MainMenuMgr_OPEN_RECENT_PROJECT" value="12" type="GuiResourceData"/>
<property name="MainMenuMgr_REPORT" value="9" type="GuiResourceData"/>
<property name="MainMenuMgr_TIMING" value="1" type="GuiResourceData"/>
<property name="MainMenuMgr_TOOLS" value="24" type="GuiResourceData"/>
<property name="MainMenuMgr_WINDOW" value="6" type="GuiResourceData"/>
<property name="MainWinMenuMgr_LAYOUT" value="6" type="GuiResourceData"/>
<property name="MainWinToolbarMgr_SELECT_OR_SAVE_WINDOW_LAYOUT" value="1" type="GuiResourceData"/>
<property name="MessageWithOptionDialog_DONT_SHOW_THIS_DIALOG_AGAIN" value="5" type="GuiResourceData"/>
<property name="MsgTreePanel_MESSAGE_SEVERITY" value="2" type="GuiResourceData"/>
<property name="MsgTreePanel_MESSAGE_VIEW_TREE" value="25" type="GuiResourceData"/>
<property name="NavigableTimingReportTab_TIMING_REPORT_NAVIGATION_TREE" value="28" type="GuiResourceData"/>
<property name="NetlistTreeView_NETLIST_TREE" value="3" type="GuiResourceData"/>
<property name="NewExportHardwareDialog_INCLUDE_BITSTREAM" value="1" type="GuiResourceData"/>
<property name="NewIpWizard_PACKAGE_BLOCK_DESIGN_FROM_CURRENT" value="1" type="GuiResourceData"/>
<property name="NewIpWizard_PACKAGE_SPECIFIED_DIRECTORY_CHOOSE" value="2" type="GuiResourceData"/>
<property name="NewIpWizard_PACKAGE_YOUR_CURRENT_PROJECT_USE" value="2" type="GuiResourceData"/>
<property name="NewProjectWizard_CONFIGURE_EXAMPLE_DESIGN_CREATE" value="1" type="GuiResourceData"/>
<property name="NewProjectWizard_DO_NOT_SPECIFY_SOURCES_AT_THIS_TIME" value="1" type="GuiResourceData"/>
<property name="NewProjectWizard_PROJECT_TEMPLATE_TREE" value="1" type="GuiResourceData"/>
<property name="NumJobsChooser_NUMBER_OF_JOBS" value="2" type="GuiResourceData"/>
<property name="PACommandNames_ADD_MODULE_TO_BD" value="2" type="GuiResourceData"/>
<property name="PACommandNames_AUTOPLACE_PORTS" value="2" type="GuiResourceData"/>
<property name="PACommandNames_AUTO_CONNECT_PORTS" value="2" type="GuiResourceData"/>
<property name="PACommandNames_AUTO_CONNECT_TARGET" value="1" type="GuiResourceData"/>
<property name="PACommandNames_AUTO_UPDATE_HIER" value="11" type="GuiResourceData"/>
<property name="PACommandNames_CREATE_TOP_HDL" value="5" type="GuiResourceData"/>
<property name="PACommandNames_CUSTOMIZE_RSB_BLOC" value="7" type="GuiResourceData"/>
<property name="PACommandNames_EXPORT_BITSTREAM_FILES" value="1" type="GuiResourceData"/>
<property name="PACommandNames_EXPORT_HARDWARE" value="2" type="GuiResourceData"/>
<property name="PACommandNames_FIX_PORTS" value="1" type="GuiResourceData"/>
<property name="PACommandNames_GOTO_NETLIST_DESIGN" value="1" type="GuiResourceData"/>
<property name="PACommandNames_IP_PACKAGER_WIZARD" value="1" type="GuiResourceData"/>
<property name="PACommandNames_LAUNCH_HARDWARE" value="9" type="GuiResourceData"/>
<property name="PACommandNames_MAKE_CONNECTION" value="1" type="GuiResourceData"/>
<property name="PACommandNames_MOVE_TO_SIM_SET" value="3" type="GuiResourceData"/>
<property name="PACommandNames_NEW_PROJECT" value="3" type="GuiResourceData"/>
<property name="PACommandNames_OPEN_HARDWARE_MANAGER" value="1" type="GuiResourceData"/>
<property name="PACommandNames_REGENERATE_LAYOUT" value="12" type="GuiResourceData"/>
<property name="PACommandNames_REPORTS_WINDOW" value="2" type="GuiResourceData"/>
<property name="PACommandNames_REPORT_IP_STATUS" value="1" type="GuiResourceData"/>
<property name="PACommandNames_SAVE_DESIGN" value="1" type="GuiResourceData"/>
<property name="PACommandNames_SCHEMATIC" value="3" type="GuiResourceData"/>
<property name="PACommandNames_SELECT_CLOCK_PATH" value="2" type="GuiResourceData"/>
<property name="PACommandNames_SHOW_IO_NETS" value="1" type="GuiResourceData"/>
<property name="PACommandNames_SHOW_PRODUCT_GUIDE_SRC" value="2" type="GuiResourceData"/>
<property name="PACommandNames_SHOW_PRODUCT_WEBPAGE_SRC" value="1" type="GuiResourceData"/>
<property name="PACommandNames_SIMULATION_RUN" value="5" type="GuiResourceData"/>
<property name="PACommandNames_SIMULATION_RUN_BEHAVIORAL" value="1" type="GuiResourceData"/>
<property name="PACommandNames_SRC_DISABLE" value="1" type="GuiResourceData"/>
<property name="PACommandNames_UNFIX_PORTS" value="1" type="GuiResourceData"/>
<property name="PACommandNames_UNHIGHLIGHT_SELECTION" value="1" type="GuiResourceData"/>
<property name="PACommandNames_VALIDATE_RSB_DESIGN" value="16" type="GuiResourceData"/>
<property name="PAGraphicalViewUtils_SHOW_OUTPUT_CONNECTIONS" value="2" type="GuiResourceData"/>
<property name="PAResourceAtoD.AddressTreeTablePanel_ADDRESS_TREE_TABLE, Data (32 address bits : 0x40000000 [ 1G ]" value="4" type="GuiResourceData"/>
<property name="PAResourceAtoD.ApplyRSBMultiAutomationDialog_CHECKBOX_TREE, [All Automation (1 out of 2 selected" value="2" type="GuiResourceData"/>
<property name="PAResourceAtoD.ApplyRSBMultiAutomationDialog_CHECKBOX_TREE, [All Automation (2 out of 2 selected" value="1" type="GuiResourceData"/>
<property name="PAResourceAtoD.CmdMsgDialog_OK, OK" value="1" type="GuiResourceData"/>
<property name="PAResourceAtoD.CoreTreeTablePanel_CORE_TREE_TABLE, AXI GPIO, 31" value="1" type="GuiResourceData"/>
<property name="PAResourceAtoD.CoreTreeTablePanel_CORE_TREE_TABLE, AXI GPIO, 31, AXI GPIO, 0, false" value="2" type="GuiResourceData"/>
<property name="PAResourceAtoD.CoreTreeTablePanel_CORE_TREE_TABLE, AXI GPIO, 31, AXI GPIO, 0, false, false, false, false, false, true" value="1" type="GuiResourceData"/>
<property name="PAResourceAtoD.CoreTreeTablePanel_CORE_TREE_TABLE, AXI Register Slice, 1, AXI Register Slice, 0, false" value="1" type="GuiResourceData"/>
<property name="PAResourceAtoD.CoreTreeTablePanel_CORE_TREE_TABLE, AXI4-Stream Combiner, 6, AXI4-Stream Combiner, 0, false" value="2" type="GuiResourceData"/>
<property name="PAResourceAtoD.CoreTreeTablePanel_CORE_TREE_TABLE, AXI4-Stream Data FIFO, 7" value="1" type="GuiResourceData"/>
<property name="PAResourceAtoD.CoreTreeTablePanel_CORE_TREE_TABLE, AXI4-Stream Data FIFO, 7, AXI4-Stream Data FIFO, 0, false" value="2" type="GuiResourceData"/>
<property name="PAResourceAtoD.CoreTreeTablePanel_CORE_TREE_TABLE, AXI4-Stream Data FIFO, 7, AXI4-Stream Data FIFO, 0, false, false, false, false, false, true" value="1" type="GuiResourceData"/>
<property name="PAResourceAtoD.CoreTreeTablePanel_CORE_TREE_TABLE, AXI4-Stream Data Width Converter, 8" value="1" type="GuiResourceData"/>
<property name="PAResourceAtoD.CoreTreeTablePanel_CORE_TREE_TABLE, AXI4-Stream Data Width Converter, 8, AXI4-Stream Data Width Converter, 0, false" value="2" type="GuiResourceData"/>
<property name="PAResourceAtoD.CoreTreeTablePanel_CORE_TREE_TABLE, AXI4-Stream Data Width Converter, 8, AXI4-Stream Data Width Converter, 0, false, false, false, false, false, true" value="1" type="GuiResourceData"/>
<property name="PAResourceAtoD.CoreTreeTablePanel_CORE_TREE_TABLE, AXI4-Stream Interconnect, 9" value="1" type="GuiResourceData"/>
<property name="PAResourceAtoD.CoreTreeTablePanel_CORE_TREE_TABLE, AXI4-Stream Interconnect, 9, AXI4-Stream Interconnect, 0, false" value="2" type="GuiResourceData"/>
<property name="PAResourceAtoD.CoreTreeTablePanel_CORE_TREE_TABLE, AXI4-Stream Interconnect, 9, AXI4-Stream Interconnect, 0, false, false, false, false, false, true" value="1" type="GuiResourceData"/>
<property name="PAResourceAtoD.CoreTreeTablePanel_CORE_TREE_TABLE, AXI4-Stream Protocol Checker, 10, AXI4-Stream Protocol Checker, 0, false" value="1" type="GuiResourceData"/>
<property name="PAResourceAtoD.CoreTreeTablePanel_CORE_TREE_TABLE, AXI4-Stream Register Slice, 0, AXI4-Stream Register Slice, 0, false" value="1" type="GuiResourceData"/>
<property name="PAResourceAtoD.CoreTreeTablePanel_CORE_TREE_TABLE, VIO (Virtual Input/Output" value="4" type="GuiResourceData"/>
<property name="PAResourceCommand.PACommandNames_CUSTOMIZE_RSB_BLOC, Customize Block..." value="4" type="GuiResourceData"/>
<property name="PAResourceCommand.PACommandNames_REGENERATE_LAYOUT, System_regenerate_rsb_layout" value="1" type="GuiResourceData"/>
<property name="PAResourceCommand.PACommandNames_VALIDATE_RSB_DESIGN, System_validate_bd_design_rsb" value="1" type="GuiResourceData"/>
<property name="PAResourceEtoH.FileSetPanel_FILE_SET_PANEL_TREE, [root, Constraints, constrs_1, constraints.xdc], 5, false" value="2" type="GuiResourceData"/>
<property name="PAResourceEtoH.FileSetPanel_FILE_SET_PANEL_TREE, [root, Constraints, constrs_1, constraints.xdc], 5, false, false, false, false, false, true" value="1" type="GuiResourceData"/>
<property name="PAResourceEtoH.FileSetPanel_FILE_SET_PANEL_TREE, [root, Constraints], 3" value="1" type="GuiResourceData"/>
<property name="PAResourceEtoH.FlowNavigatorTreePanel_FLOW_NAVIGATOR_TREE, [, IP Integrator, Open Block Design], 7, false" value="1" type="GuiResourceData"/>
<property name="PAResourceEtoH.GenSettingTreeTablePanel_GEN_SETTING_TREE_TABLE, AXI Non Secure Enablement  ; 0 ; Enable AXI Non Secure Transaction, 1" value="1" type="GuiResourceData"/>
<property name="PAResourceEtoH.GenSettingTreeTablePanel_GEN_SETTING_TREE_TABLE, DMA Controller ; DMA Controller ; DMA Controller, 5" value="2" type="GuiResourceData"/>
<property name="PAResourceEtoH.GenSettingTreeTablePanel_GEN_SETTING_TREE_TABLE, GP Master AXI Interface ; GP Master AXI Interface ; GP Master AXI Interface, 2" value="1" type="GuiResourceData"/>
<property name="PAResourceEtoH.GettingStartedView_OPEN_PROJECT, Open Project" value="1" type="GuiResourceData"/>
<property name="PAResourceEtoH.GettingStartedView_RECENT_PROJECTS, C:/Users/willb/OneDrive/University/Research Project/Vivado/ResearchProject/ResearchProject.xpr, 0" value="1" type="GuiResourceData"/>
<property name="PAResourceEtoH.HACGCTextField_VALUE_OF_SPECIFIED_PARAMETER, Slave Interface TDATA Width (bytes" value="1" type="GuiResourceData"/>
<property name="PAResourceEtoH.HACGCTextField_VALUE_OF_SPECIFIED_PARAMETER, TDATA Width (bytes" value="1" type="GuiResourceData"/>
<property name="PAResourceEtoH.HACGCTextField_VALUE_OF_SPECIFIED_PARAMETER_MANUAL, Slave Interface TDATA Width (bytes" value="1" type="GuiResourceData"/>
<property name="PAResourceEtoH.HACGCTextField_VALUE_OF_SPECIFIED_PARAMETER_MANUAL, TDATA Width (bytes" value="1" type="GuiResourceData"/>
<property name="PAResourceOtoP.PAViews_CODE, Code" value="1" type="GuiResourceData"/>
<property name="PAResourceQtoS.RSBApplyAutomationBar_RUN_CONNECTION_AUTOMATION, Run Connection Automation" value="1" type="GuiResourceData"/>
<property name="PAResourceQtoS.SelectMenu_HIGHLIGHT, Highlight" value="5" type="GuiResourceData"/>
<property name="PAResourceQtoS.SystemBuilderMenu_GROUP_BY_MASTER_INTERFACES, Group by Master Interfaces" value="1" type="GuiResourceData"/>
<property name="PAResourceQtoS.SystemBuilderMenu_IP_DOCUMENTATION, IP Documentation" value="2" type="GuiResourceData"/>
<property name="PAResourceQtoS.SystemBuilderView_ADD_IP, System_RSB_ADD_IP" value="5" type="GuiResourceData"/>
<property name="PAViews_CODE" value="1" type="GuiResourceData"/>
<property name="PAViews_DEVICE" value="7" type="GuiResourceData"/>
<property name="PAViews_PAR_REPORT" value="3" type="GuiResourceData"/>
<property name="PS-PL Configuration, PS-PL Configuration" value="1" type="GuiResourceData"/>
<property name="PackageTablePanel_PACKAGE_TABLE" value="4" type="GuiResourceData"/>
<property name="PartChooser_BOARDS" value="5" type="GuiResourceData"/>
<property name="PlanAheadTab_REFRESH_CHANGED_MODULES" value="4" type="GuiResourceData"/>
<property name="PortMenu_CONFIGURE_IO_PORTS" value="1" type="GuiResourceData"/>
<property name="PrimitivesMenu_HIGHLIGHT_LEAF_CELLS" value="3" type="GuiResourceData"/>
<property name="PrimitivesMenu_SELECT_LEAF_CELLS" value="1" type="GuiResourceData"/>
<property name="ProgramDebugTab_OPEN_TARGET" value="1" type="GuiResourceData"/>
<property name="ProgramDebugTab_PROGRAM_DEVICE" value="1" type="GuiResourceData"/>
<property name="ProgramDebugTab_REFRESH_DEVICE" value="1" type="GuiResourceData"/>
<property name="ProgramFpgaDialog_PROGRAM" value="1" type="GuiResourceData"/>
<property name="ProgressDialog_BACKGROUND" value="1" type="GuiResourceData"/>
<property name="ProjectNameChooser_PROJECT_NAME" value="2" type="GuiResourceData"/>
<property name="ProjectSummaryTimingPanel_OPEN_TIMING_SUMMARY_REPORT" value="2" type="GuiResourceData"/>
<property name="ProjectSummaryTimingPanel_PROJECT_SUMMARY_TIMING_PANEL_TABBED" value="3" type="GuiResourceData"/>
<property name="ProjectTab_CLOSE_DESIGN" value="1" type="GuiResourceData"/>
<property name="ProjectTab_RELOAD" value="1" type="GuiResourceData"/>
<property name="PropertiesView_PREVIOUS_OBJECT" value="2" type="GuiResourceData"/>
<property name="RDICommands_COPY" value="2" type="GuiResourceData"/>
<property name="RDICommands_CUSTOM_COMMANDS" value="2" type="GuiResourceData"/>
<property name="RDICommands_DELETE" value="3" type="GuiResourceData"/>
<property name="RDICommands_PASTE" value="2" type="GuiResourceData"/>
<property name="RDICommands_PROPERTIES" value="9" type="GuiResourceData"/>
<property name="RDIResource.BaseDialog_CANCEL, Cancel" value="1" type="GuiResourceData"/>
<property name="RDIResource.BaseDialog_OK, OK" value="3" type="GuiResourceData"/>
<property name="RSBAddModuleDialog_MODULE_LIST" value="1" type="GuiResourceData"/>
<property name="RSBApplyAutomationBar_RUN_CONNECTION_AUTOMATION" value="10" type="GuiResourceData"/>
<property name="RemoveSourcesDialog_ALSO_DELETE" value="1" type="GuiResourceData"/>
<property name="ReportIPStatusInfoDialog_IGNORE" value="1" type="GuiResourceData"/>
<property name="RunGadget_SHOW_ERROR_AND_CRITICAL_WARNING_MESSAGES" value="4" type="GuiResourceData"/>
<property name="RunGadget_SHOW_WARNING_AND_ERROR_MESSAGES_IN_MESSAGES" value="1" type="GuiResourceData"/>
<property name="SaveProjectUtils_SAVE" value="11" type="GuiResourceData"/>
<property name="SelectMenu_HIGHLIGHT" value="31" type="GuiResourceData"/>
<property name="SelectMenu_MARK" value="4" type="GuiResourceData"/>
<property name="SignalTreePanel_SIGNAL_TREE_PANEL" value="8" type="GuiResourceData"/>
<property name="SignalTreePanel_SIGNAL_TREE_TABLE" value="8" type="GuiResourceData"/>
<property name="SimpleOutputProductDialog_CLOSE_DIALOG_UNSAVED_CHANGES_WILL" value="6" type="GuiResourceData"/>
<property name="SrcChooserPanel_ADD_HDL_AND_NETLIST_FILES_TO_YOUR_PROJECT" value="1" type="GuiResourceData"/>
<property name="SrcChooserPanel_ADD_OR_CREATE_SOURCE_FILE" value="1" type="GuiResourceData"/>
<property name="SrcChooserPanel_CREATE_FILE" value="2" type="GuiResourceData"/>
<property name="SrcChooserPanel_SIMULATOR_LANGUAGE" value="1" type="GuiResourceData"/>
<property name="SrcChooserPanel_TARGET_LANGUAGE" value="1" type="GuiResourceData"/>
<property name="SrcMenu_IP_HIERARCHY" value="10" type="GuiResourceData"/>
<property name="SystemBuilderMenu_ADD_IP" value="1" type="GuiResourceData"/>
<property name="SystemBuilderMenu_ADD_MODULE" value="1" type="GuiResourceData"/>
<property name="SystemBuilderMenu_CREATE_PORT" value="2" type="GuiResourceData"/>
<property name="SystemBuilderMenu_DEBUG" value="1" type="GuiResourceData"/>
<property name="SystemBuilderMenu_IP_DOCUMENTATION" value="23" type="GuiResourceData"/>
<property name="SystemBuilderView_ADD_IP" value="7" type="GuiResourceData"/>
<property name="SystemBuilderView_EXPAND_COLLAPSE" value="17" type="GuiResourceData"/>
<property name="SystemBuilderView_ORIENTATION" value="17" type="GuiResourceData"/>
<property name="SystemTab_REPORT_IP_STATUS" value="3" type="GuiResourceData"/>
<property name="SystemTab_SHOW_IP_STATUS" value="2" type="GuiResourceData"/>
<property name="SystemTab_UPGRADE_LATER" value="1" type="GuiResourceData"/>
<property name="SystemTreeView_SYSTEM_TREE" value="1" type="GuiResourceData"/>
<property name="TclConsoleView_COPY" value="1" type="GuiResourceData"/>
<property name="TclConsoleView_TCL_CONSOLE_CODE_EDITOR" value="11" type="GuiResourceData"/>
<property name="TclObjectTreeTable_TREETABLE" value="3" type="GuiResourceData"/>
<property name="TclStoreDialog_CLOSE" value="1" type="GuiResourceData"/>
<property name="TclStoreDialog_TCL_STORE_NAVIGATOR" value="1" type="GuiResourceData"/>
<property name="TimingConstraintsWizard_GOTO_CONSTRAINTS_SUMMARY_PAGE" value="1" type="GuiResourceData"/>
<property name="TimingItemFlatTablePanel_TABLE" value="32" type="GuiResourceData"/>
<property name="TimingPathResultSectionPanel_SHOW_ONLY_FAILING_PATHS" value="4" type="GuiResourceData"/>
<property name="VioTreeTablePanel_VIO_TREE_TABLE" value="13" type="GuiResourceData"/>
</item>
<item name="Other">
<property name="GuiMode" value="2" type="GuiMode"/>
<property name="BatchMode" value="0" type="BatchMode"/>
<property name="TclMode" value="1" type="TclMode"/>
</item>
</section>
</application>
</document>
